run, type, Ident, FE, AvgE, S, U, W, HO_PE, PB, SA, Valence, Coulomb, VdW, VdW6, VdW12, Bond, Angle, Pdihed, Idihed, Tether, RunTime, WallTime, Converged, Crashed
fast_vm2_rndm,host,CD,537.274852313,380.395696833,156.87915548,307.486374858,-37.9767180809,110.886119831,-44.0581984283,6.0814803474,151.758248388,166.895770914,-11.1676444437,-142.337804776,131.170160332,4.3783847132,10.090266007,137.289597668,0.0,0.0,19.06,8.34,yes,no
