run, type, Ident, FE, AvgE, S, U, W, HO_PE, PB, SA, Valence, Coulomb, VdW, VdW6, VdW12, Bond, Angle, Pdihed, Idihed, Tether, RunTime, WallTime, Converged, Crashed
fast_vm2_single,host,CD,537.272920958,380.395739983,156.877180976,307.487382037,-37.977681366,110.886119831,-44.0591617135,6.0814803474,151.75315168,166.905093393,-11.1708630369,-142.33449883,131.163635793,4.3779500089,10.0893022729,137.285899398,0.0,0.0,19.42,8.28,yes,no
