run, type, Ident, FE, AvgE, S, U, W, HO_PE, PB, SA, Valence, Coulomb, VdW, VdW6, VdW12, Bond, Angle, Pdihed, Idihed, Tether, RunTime, WallTime, Converged, Crashed
vm2_rndm,host,CD,520.046224402,364.791810192,155.25441421,291.583648851,-37.6779481397,110.886119831,-43.5635869352,5.8856387954,133.649301608,167.53156486,-9.5972176178,-143.80015906,134.202941442,4.9609580352,14.839392437,113.848951136,0.0,0.0,24043.8,12112.56,yes,no
