run, type, Ident, FE, AvgE, S, U, W, HO_PE, PB, SA, Valence, Coulomb, VdW, VdW6, VdW12, Bond, Angle, Pdihed, Idihed, Tether, RunTime, WallTime, Converged, Crashed
vm2_single,host,CD,519.852144274,364.887037671,154.965106604,292.354804408,-38.3538858866,110.886119831,-44.2320030861,5.8781171995,133.449373103,168.628281809,-9.7228505045,-143.840621511,134.117771007,4.9586521308,15.0297035622,113.461017411,0.0,0.0,23981.28,12153.64,yes,no
